<?xml version="1.0" encoding="UTF-8"?>
<document version="1.2.0">
  <chunks next_id="4" active_id="2">
    <chunk id="0" path="0/chunk.zip"/>
    <chunk id="1" path="1/chunk.zip"/>
    <chunk id="2" path="2/chunk.zip"/>
    <chunk id="3" path="3/chunk.zip"/>
  </chunks>
  <meta>
    <property name="Info/LastSavedDateTime" value="2021:05:20 19:26:52"/>
    <property name="Info/LastSavedSoftwareVersion" value="1.7.1.11797"/>
    <property name="Info/OriginalDateTime" value="2021:05:18 22:48:52"/>
    <property name="Info/OriginalSoftwareName" value="Agisoft Metashape"/>
    <property name="Info/OriginalSoftwareVendor" value="Agisoft"/>
    <property name="Info/OriginalSoftwareVersion" value="1.7.1.11797"/>
  </meta>
</document>
