<?xml version="1.0" encoding="UTF-8"?>
<chunk version="1.2.0" label="Chunk 2" enabled="true">
  <sensors next_id="1">
    <sensor id="0" label="ILCE-7M3, FE 90mm F2.8 Macro G OSS (90mm)" type="frame">
      <resolution width="6048" height="4024"/>
      <property name="pixel_width" value="0.0059560146040516845"/>
      <property name="pixel_height" value="0.0059560146040516845"/>
      <property name="focal_length" value="90"/>
      <property name="layer_index" value="0"/>
      <bands>
        <band label="Red"/>
        <band label="Green"/>
        <band label="Blue"/>
      </bands>
      <data_type>uint16</data_type>
    </sensor>
  </sensors>
  <components next_id="0"/>
  <cameras next_id="37" next_group_id="0"/>
  <frames next_id="1">
    <frame id="0" path="0/frame.zip"/>
  </frames>
  <reference>LOCAL_CS["Local Coordinates (m)",LOCAL_DATUM["Local Datum",0],UNIT["metre",1,AUTHORITY["EPSG","9001"]]]</reference>
  <settings>
    <property name="accuracy_tiepoints" value="1"/>
    <property name="accuracy_cameras" value="10"/>
    <property name="accuracy_cameras_ypr" value="10"/>
    <property name="accuracy_markers" value="0.0050000000000000001"/>
    <property name="accuracy_scalebars" value="0.001"/>
    <property name="accuracy_projections" value="0.5"/>
  </settings>
  <meta>
    <property name="Info/LastSavedDateTime" value="2021:05:20 19:26:52"/>
    <property name="Info/LastSavedSoftwareVersion" value="1.7.1.11797"/>
  </meta>
</chunk>
